{"count":3,"long":-99.2161568,"lal":19.5412983}
{"count":3,"long":-122.419,"lal":37.7793}
{"count":2,"long":151.22666692,"lal":-33.89321579}
{"count":2,"long":-95.3694,"lal":29.7602}
{"count":2,"long":-74.0794,"lal":4.5997}
{"count":2,"long":-3.05,"lal":53.55}
{"count":2,"long":81.89723357,"lal":25.34284824}
{"count":2,"long":-73.771,"lal":40.7636}
{"count":2,"long":-57.9410622,"lal":-34.8941991}
{"count":2,"long":-118.1938,"lal":33.7692}
